{"count":1,"self":88.0501376,"total":1408.3603166,"children":{"InitializeActuators":{"count":60,"self":0.0009948,"total":0.0009948,"children":null},"InitializeSensors":{"count":60,"self":0.0229353,"total":0.0229353,"children":null},"AgentInfo.ToProto":{"count":30,"self":0.0009975,"total":0.009973,"children":{"GenerateSensorData":{"count":30,"self":0.0089754999999999991,"total":0.0089754999999999991,"children":null}}},"AgentSendState":{"count":24701,"self":899.47412479999991,"total":917.11077119999993,"children":{"CollectObservations":{"count":296460,"self":0.5354407,"total":0.5354407,"children":null},"WriteActionMask":{"count":296460,"self":0.28967509999999996,"total":0.28967509999999996,"children":null},"RequestDecision":{"count":296460,"self":0.6697807,"total":16.811496299999998,"children":{"AgentInfo.ToProto":{"count":74115,"self":0.2599044,"total":16.141715599999998,"children":{"GenerateSensorData":{"count":74115,"self":15.8818112,"total":15.8818112,"children":null}}}}}}},"DecideAction":{"count":24693,"self":395.34919679999996,"total":395.3491927,"children":null},"AgentAct":{"count":24693,"self":7.7963207999999993,"total":7.8163133,"children":{"AgentInfo.ToProto":{"count":90,"self":0,"total":0.019992299999999998,"children":{"GenerateSensorData":{"count":90,"self":0.019992299999999998,"total":0.019992299999999998,"children":null}}}}}},"gauges":{"FoxMovement.CumulativeReward":{"count":270,"max":-0.999473155,"min":-0.999723136,"runningAverage":-0.9996398,"value":-0.999723136,"weightedAverage":-0.9997231},"MaleFoxMovement.CumulativeReward":{"count":90,"max":8.970596,"min":-10.2496967,"runningAverage":2.87769055,"value":7.0003705,"weightedAverage":2.65031934}},"metadata":{"timer_format_version":"0.1.0","start_time_seconds":"1641276318","unity_version":"2020.3.25f1","command_line_arguments":"D:\\Konrad-Inzynierka\\Unity-Editor\\2020.3.25f1\\Editor\\Unity.exe","communication_protocol_version":"1.5.0","com.unity.ml-agents_version":"2.0.1","scene_name":"Training-Mating","end_time_seconds":"1641277726"}}