{"count":1,"self":41.917184,"total":1008.0928008,"children":{"InitializeActuators":{"count":60,"self":0.001995,"total":0.001995,"children":null},"InitializeSensors":{"count":60,"self":0.039047399999999996,"total":0.039047399999999996,"children":null},"AgentInfo.ToProto":{"count":96,"self":0.0009973,"total":0.023931599999999997,"children":{"GenerateSensorData":{"count":96,"self":0.022934299999999998,"total":0.022934299999999998,"children":null}}},"AgentSendState":{"count":16651,"self":556.64885759999993,"total":591.0938969,"children":{"CollectObservations":{"count":199860,"self":0.4212315,"total":0.4212315,"children":null},"WriteActionMask":{"count":199860,"self":0.1926109,"total":0.1926109,"children":null},"RequestDecision":{"count":199860,"self":0.6375031,"total":33.831179999999996,"children":{"AgentInfo.ToProto":{"count":159888,"self":0.50076979999999993,"total":33.1936769,"children":{"GenerateSensorData":{"count":159888,"self":32.692905599999996,"total":32.6929071,"children":null}}}}}}},"DecideAction":{"count":16633,"self":369.3792512,"total":369.3792449,"children":null},"AgentAct":{"count":16633,"self":5.5816652,"total":5.6365028,"children":{"AgentInfo.ToProto":{"count":192,"self":0.0020193,"total":0.054837699999999996,"children":{"GenerateSensorData":{"count":192,"self":0.052818399999999995,"total":0.052818399999999995,"children":null}}}}}},"gauges":{"RabbitMovement.CumulativeReward":{"count":192,"max":18,"min":-1.4000001,"runningAverage":2.36354113,"value":5,"weightedAverage":3.25401378},"FoxMovement.CumulativeReward":{"count":48,"max":0,"min":-0.2,"runningAverage":-0.0208333377,"value":0,"weightedAverage":-0.00387877924}},"metadata":{"timer_format_version":"0.1.0","start_time_seconds":"1641255002","unity_version":"2020.3.25f1","command_line_arguments":"D:\\Konrad-Inzynierka\\Unity-Editor\\2020.3.25f1\\Editor\\Unity.exe","communication_protocol_version":"1.5.0","com.unity.ml-agents_version":"2.0.1","scene_name":"Training-EatingCarrot","end_time_seconds":"1641256010"}}